dt_code,dtname,stname,st_code,year,Zone,,,
638,Nicobars,ANDAMAN & NICOBAR,35,2011_c,Green Zone,,,South Andaman
639,North & Middle Andaman,ANDAMAN & NICOBAR,35,2011_c,Green Zone,,,North & Middle Andaman
640,South Andaman,ANDAMAN & NICOBAR,35,2011_c,Red Zone,,,Kurnool
553,Anantapur,ANDHRA PRADESH,37,2011_c,Orange Zone,,,Guntur
554,Chittoor,ANDHRA PRADESH,37,2011_c,Red Zone,,,Krishna
545,East Godavari,ANDHRA PRADESH,37,2011_c,Orange Zone,,,Chittoor
548,Guntur,ANDHRA PRADESH,37,2011_c,Red Zone,,,S.P.S. Nellore
547,Krishna,ANDHRA PRADESH,37,2011_c,Red Zone,,,Prakasam
552,Kurnool,ANDHRA PRADESH,37,2011_c,Red Zone,,,Y.S.R.
549,Prakasam,ANDHRA PRADESH,37,2011_c,Orange Zone,,,Anantapur
550,S.P.S. Nellore,ANDHRA PRADESH,37,2011_c,Red Zone,,,West Godavari
542,Srikakulam,ANDHRA PRADESH,37,2011_c,Orange Zone,,,East Godavari
544,Visakhapatnam,ANDHRA PRADESH,37,2011_c,Orange Zone,,,Visakhapatnam
543,Vizianagaram,ANDHRA PRADESH,37,2011_c,Green Zone,,,Lohit
546,West Godavari,ANDHRA PRADESH,37,2011_c,Orange Zone,,,Golaghat
551,Y.S.R.,ANDHRA PRADESH,37,2011_c,Orange Zone,,,Kamrup Metropolitan
260,Anjaw,ARUNACHAL PRADESH,12,2011_c,Green Zone,,,Morigaon
253,Changlang,ARUNACHAL PRADESH,12,2011_c,Green Zone,,,Nalbari
247,East Kameng,ARUNACHAL PRADESH,12,2011_c,Green Zone,,,Goalpara
251,East Siang,ARUNACHAL PRADESH,12,2011_c,Green Zone,,,Dhubri
778,Kamle,ARUNACHAL PRADESH,12,2018,Green Zone,,,Cachar
763,Kra Daadi,ARUNACHAL PRADESH,12,2015_c,Green Zone,,,Hailakandi
256,Kurung Kumey,ARUNACHAL PRADESH,12,2011_c,Green Zone,,,Kamrup
784,Lepa Rada,ARUNACHAL PRADESH,12,2018,Green Zone,,,Karimganj
259,Lohit,ARUNACHAL PRADESH,12,2011_c,Green Zone,,,Lakhimpur
761,Longding,ARUNACHAL PRADESH,12,2012_c,Green Zone,,,South Salmara Mancachar
258,Lower Dibang Valley,ARUNACHAL PRADESH,12,2011_c,Green Zone,,,Munger
779,Lower Siang,ARUNACHAL PRADESH,12,2018,Green Zone,,,Nalanda
255,Lower Subansiri,ARUNACHAL PRADESH,12,2011_c,Green Zone,,,Siwan
762,Namsai,ARUNACHAL PRADESH,12,2014_c,Green Zone,,,Patna
783,Pakke Kessang,ARUNACHAL PRADESH,12,2018,Green Zone,,,Begusarai
248,Papum Pare,ARUNACHAL PRADESH,12,2011_c,Green Zone,,,Buxar
785,Shi Yomi,ARUNACHAL PRADESH,12,2018,Green Zone,,,Bhagalpur
764,Siang,ARUNACHAL PRADESH,12,2015_c,Green Zone,,,Gaya
245,Tawang,ARUNACHAL PRADESH,12,2011_c,Green Zone,,,Gopalganj
254,Tirap,ARUNACHAL PRADESH,12,2011_c,Green Zone,,,Nawada
257,Upper Dibang Valley,ARUNACHAL PRADESH,12,2011_c,Green Zone,,,Rohtas
252,Upper Siang,ARUNACHAL PRADESH,12,2011_c,Green Zone,,,Banka
249,Upper Subansiri,ARUNACHAL PRADESH,12,2011_c,Green Zone,,,Bhojpur
246,West Kameng,ARUNACHAL PRADESH,12,2011_c,Green Zone,,,Lakhisarai
250,West Siang,ARUNACHAL PRADESH,12,2011_c,Green Zone,,,Purba Champaran
324,Baksa,ASSAM,18,2011_c,Green Zone,,,Saran
303,Barpeta,ASSAM,18,2011_c,Green Zone,,,Vaishali
756,Biswanath,ASSAM,18,2015_c,Green Zone,,,Chandigarh
319,Bongaigaon,ASSAM,18,2011_c,Green Zone,,,Korba
316,Cachar,ASSAM,18,2011_c,Green Zone,,,Raipur
755,Charaideo,ASSAM,18,2015_c,Green Zone,,,Bilaspur
320,Chirang,ASSAM,18,2011_c,Green Zone,,,Durg
325,Darrang,ASSAM,18,2011_c,Green Zone,,,Rajnandgaon
308,Dhemaji,ASSAM,18,2011_c,Green Zone,,,Dadra & Nagar Haveli
301,Dhubri,ASSAM,18,2011_c,Orange Zone,,,New Delhi
310,Dibrugarh,ASSAM,18,2011_c,Green Zone,,,South Delhi
315,Dima Hasao,ASSAM,18,2011_c,Green Zone,,,South East Delhi
302,Goalpara,ASSAM,18,2011_c,Orange Zone,,,West Delhi
313,Golaghat,ASSAM,18,2011_c,Green Zone,,,North East Delhi
318,Hailakandi,ASSAM,18,2011_c,Green Zone,,,Central Delhi
757,Hojai,ASSAM,18,2015_c,Green Zone,,,North Delhi
312,Jorhat,ASSAM,18,2011_c,Green Zone,,,Shahdara
321,Kamrup,ASSAM,18,2011_c,Green Zone,,,East Delhi
322,Kamrup Metropolitan,ASSAM,18,2011_c,Green Zone,,,South West Delhi
314,Karbi Anglong,ASSAM,18,2011_c,Green Zone,,,North West Delhi
317,Karimganj,ASSAM,18,2011_c,Green Zone,,,North Goa
300,Kokrajhar,ASSAM,18,2011_c,Green Zone,,,Ahmadabad
307,Lakhimpur,ASSAM,18,2011_c,Green Zone,,,Surat
760,Majuli,ASSAM,18,2016_c,Green Zone,,,Vadodara
304,Morigaon,ASSAM,18,2011_c,Orange Zone,,,Rajkot
305,Nagaon,ASSAM,18,2011_c,Green Zone,,,Anand
323,Nalbari,ASSAM,18,2011_c,Green Zone,,,Bhavnagar
311,Sivasagar,ASSAM,18,2011_c,Green Zone,,,Bharuch
306,Sonitpur,ASSAM,18,2011_c,Green Zone,,,Gandhinagar
758,South Salmara Mancachar,ASSAM,18,2015_c,Green Zone,,,Aravalli
309,Tinsukia,ASSAM,18,2011_c,Green Zone,,,Banas Kantha
326,Udalguri,ASSAM,18,2011_c,Green Zone,,,Panch Mahals
759,West Karbi Anglong,ASSAM,18,2016_c,Green Zone,,,Patan
209,Araria,BIHAR,10,2011_c,Green Zone,,,Botad
240,Arwal,BIHAR,10,2011_c,Orange Zone,,,Narmada
235,Aurangabad,BIHAR,10,2011_c,Orange Zone,,,Chota Udaipur
225,Banka,BIHAR,10,2011_c,Orange Zone,,,Mahisagar
222,Begusarai,BIHAR,10,2011_c,Orange Zone,,,Mahesana
224,Bhagalpur,BIHAR,10,2011_c,Orange Zone,,,Kachchh
231,Bhojpur,BIHAR,10,2011_c,Orange Zone,,,Kheda
232,Buxar,BIHAR,10,2011_c,Red Zone,,,Valsad
215,Darbhanga,BIHAR,10,2011_c,Orange Zone,,,Dohad
236,Gaya,BIHAR,10,2011_c,Red Zone,,,Gir Somnath
217,Gopalganj,BIHAR,10,2011_c,Orange Zone,,,Porbandar
238,Jamui,BIHAR,10,2011_c,Green Zone,,,Sabar Kantha
239,Jehanabad,BIHAR,10,2011_c,Orange Zone,,,Jamnagar
233,Kaimur (bhabua),BIHAR,10,2011_c,Orange Zone,,,Morbi
212,Katihar,BIHAR,10,2011_c,Green Zone,,,Navsari
223,Khagaria,BIHAR,10,2011_c,Green Zone,,,Tapi
210,Kishanganj,BIHAR,10,2011_c,Green Zone,,,The Dangs
227,Lakhisarai,BIHAR,10,2011_c,Orange Zone,,,Gurugram
213,Madhepura,BIHAR,10,2011_c,Orange Zone,,,Nuh
207,Madhubani,BIHAR,10,2011_c,Orange Zone,,,Faridabad
226,Munger,BIHAR,10,2011_c,Red Zone,,,Palwal
216,Muzaffarpur,BIHAR,10,2011_c,Green Zone,,,Panchkula
229,Nalanda,BIHAR,10,2011_c,Orange Zone,,,Sonipat
237,Nawada,BIHAR,10,2011_c,Orange Zone,,,Ambala
203,Pashchim Champaran,BIHAR,10,2011_c,Green Zone,,,Panipat
230,Patna,BIHAR,10,2011_c,Red Zone,,,Karnal
204,Purba Champaran,BIHAR,10,2011_c,Orange Zone,,,Rohtak
211,Purnia,BIHAR,10,2011_c,Orange Zone,,,Sirsa
234,Rohtas,BIHAR,10,2011_c,Red Zone,,,Bhiwani
214,Saharsa,BIHAR,10,2011_c,Green Zone,,,Yamunanagar
221,Samastipur,BIHAR,10,2011_c,Green Zone,,,Hisar
219,Saran,BIHAR,10,2011_c,Orange Zone,,,Jind
228,Sheikhpura,BIHAR,10,2011_c,Green Zone,,,Kaithal
205,Sheohar,BIHAR,10,2011_c,Green Zone,,,Kurukshetra
206,Sitamarhi,BIHAR,10,2011_c,Green Zone,,,Charki Dadri
218,Siwan,BIHAR,10,2011_c,Orange Zone,,,Fatehabad
208,Supaul,BIHAR,10,2011_c,Green Zone,,,Una
220,Vaishali,BIHAR,10,2011_c,Orange Zone,,,Solan
55,Chandigarh,CHANDIGARH,4,2011_c,Red Zone,,,Chamba
719,Balod,CHHATTISGARH,22,update2014,Green Zone,,,Kangra
721,Baloda Bazar,CHHATTISGARH,22,update2014,Green Zone,,,Hamirpur
716,Balrampur,CHHATTISGARH,22,2011_c,Green Zone,,,Sirmaur
718,Bametara,CHHATTISGARH,22,update2014,Green Zone,,,Bandipore
414,Bastar,CHHATTISGARH,22,2011_c,Green Zone,,,Srinagar
417,Bijapur,CHHATTISGARH,22,2011_c,Green Zone,,,Shupiyan
406,Bilaspur,CHHATTISGARH,22,2011_c,Green Zone,,,Baramula
416,Dakshin Bastar Dantewada,CHHATTISGARH,22,2011_c,Green Zone,,,Kupwara
412,Dhamtari,CHHATTISGARH,22,2011_c,Green Zone,,,Jammu
409,Durg,CHHATTISGARH,22,2011_c,Green Zone,,,Udhampur
720,Gariaband,CHHATTISGARH,22,update2014,Green Zone,,,Anantnag
405,Janjgir - Champa,CHHATTISGARH,22,2011_c,Green Zone,,,Badgam
402,Jashpur,CHHATTISGARH,22,2011_c,Green Zone,,,Ganderbal
407,Kabeerdham,CHHATTISGARH,22,2011_c,Green Zone,,,Kulgam
722,Kondagaon,CHHATTISGARH,22,update2014,Green Zone,,,Rajouri
404,Korba,CHHATTISGARH,22,2011_c,Green Zone,,,Samba
400,Koriya,CHHATTISGARH,22,2011_c,Orange Zone,,,Pulwama
411,Mahasamund,CHHATTISGARH,22,2011_c,Green Zone,,,Kathua
717,Mungeli,CHHATTISGARH,22,update2014,Green Zone,,,Kishtwar
415,Narayanpur,CHHATTISGARH,22,2011_c,Green Zone,,,Ramban
403,Raigarh,CHHATTISGARH,22,2011_c,Green Zone,,,Ranchi
410,Raipur,CHHATTISGARH,22,2011_c,Green Zone,,,Bokaro
408,Rajnandgaon,CHHATTISGARH,22,2011_c,Red Zone,,,Hazaribagh
723,Sukma,CHHATTISGARH,22,update2014,Green Zone,,,Deoghar
715,Surajpur,CHHATTISGARH,22,update2014,Green Zone,,,Dhanbad
401,Surguja,CHHATTISGARH,22,2011_c,Green Zone,,,Simdega
413,Uttar Bastar Kanker,CHHATTISGARH,22,2011_c,Green Zone,,,Garhwa
496,Dadra & Nagar Haveli,DADRA & NAGAR HAVE,26,2011_c,Green Zone,,,Giridih
495,Daman,DAMAN & DIU,25,2011_c,Green Zone,,,Kodarma
494,Diu,DAMAN & DIU,25,2011_c,Green Zone,,,Bengaluru
95,Central Delhi,DELHI,7,2011_c,Red Zone,,,Mysuru
93,East Delhi,DELHI,7,2011_c,Red Zone,,,Belagavi
94,New Delhi,DELHI,7,2011_c,Red Zone,,,Vijayapura
91,North Delhi,DELHI,7,2011_c,Red Zone,,,Kalaburagi
92,North East Delhi,DELHI,7,2011_c,Red Zone,,,Bagalkote
90,North West Delhi,DELHI,7,2011_c,Red Zone,,,Chikkaballapura
702,Shahdara,DELHI,7,update2014,Red Zone,,,Bidar
98,South Delhi,DELHI,7,2011_c,Red Zone,,,Dakshina Kannada
703,South East Delhi,DELHI,7,update2014,Red Zone,,,Mandya
97,South West Delhi,DELHI,7,2011_c,Red Zone,,,Ballari
96,West Delhi,DELHI,7,2011_c,Red Zone,,,Uttara Kannada
585,North Goa,GOA,30,2011_c,Green Zone,,,Dharwad
586,South Goa,GOA,30,2011_c,Green Zone,,,Gadag
474,Ahmadabad,GUJARAT,24,2011_c,Red Zone,,,Udupi
480,Amreli,GUJARAT,24,2011_c,Green Zone,,,Bengaluru Rural
482,Anand,GUJARAT,24,2011_c,Red Zone,,,Tumakuru
725,Aravalli,GUJARAT,24,update2014,Red Zone,,,Davanagere
469,Banas Kantha,GUJARAT,24,2011_c,Red Zone,,,Chitradurga
488,Bharuch,GUJARAT,24,2011_c,Orange Zone,,,Kodagu
481,Bhavnagar,GUJARAT,24,2011_c,Red Zone,,,Kasaragod
726,Botad,GUJARAT,24,update2014,Orange Zone,,,Kannur
726,Botad,GUJARAT,24,update2014,Orange Zone,,,Ernakulam
731,Chota Udaipur,GUJARAT,24,update2014,Orange Zone,,,Kozhikode
728,Devbhumi Dwarka,GUJARAT,24,update2014,Green Zone,,,Malappuram
485,Dohad,GUJARAT,24,2011_c,Orange Zone,,,Pathanamthitta
473,Gandhinagar,GUJARAT,24,2011_c,Red Zone,,,Thiruvananthapuram
729,Gir Somnath,GUJARAT,24,update2014,Orange Zone,,,Idukki
477,Jamnagar,GUJARAT,24,2011_c,Orange Zone,,,Thrissur
479,Junagadh,GUJARAT,24,2011_c,Green Zone,,,Palakkad
468,Kachchh,GUJARAT,24,2011_c,Orange Zone,,,Kollam
483,Kheda,GUJARAT,24,2011_c,Orange Zone,,,Kottayam
471,Mahesana,GUJARAT,24,2011_c,Orange Zone,,,Alappuzha
730,Mahisagar,GUJARAT,24,update2014,Oranse Zone,,,Wayanad
727,Morbi,GUJARAT,24,update2014,Green Zone,,,Leh
487,Narmada,GUJARAT,24,2011_c,Orange Zone,,,Kargil
490,Navsari,GUJARAT,24,2011_c,Orange Zone,,,Indore
484,Panch Mahals,GUJARAT,24,2011_c,Red Zone,,,Bhopal
470,Patan,GUJARAT,24,2011_c,Orange Zone,,,Ujjain
478,Porbandar,GUJARAT,24,2011_c,Green Zone,,,West Nimar
476,Rajkot,GUJARAT,24,2011_c,Orange Zone,,,Dhar
472,Sabar Kantha,GUJARAT,24,2011_c,Orange Zone,,,East Nimar
492,Surat,GUJARAT,24,2011_c,Red Zone,,,Jabalpur
475,Surendranagar,GUJARAT,24,2011_c,Orange Zone,,,Hoshangabad
493,Tapi,GUJARAT,24,2011_c,Oranse Zone,,,Raisen
489,The Dangs,GUJARAT,24,2011_c,Orange Zone,,,Barwani
486,Vadodara,GUJARAT,24,2011_c,Red Zone,,,Dewas
491,Valsad,GUJARAT,24,2011_c,Orange Zone,,,Morena
70,Ambala,HARYANA,6,2011_c,Orange Zone,,,Vidisha
81,Bhiwani,HARYANA,6,2011_c,Orange Zone,,,Ratlam
765,Charki Dadri,HARYANA,6,2016_c,Orange Zone,,,Agar Malwa
88,Faridabad,HARYANA,6,2011_c,Red Zone,,,Mandsaur
78,Fatehabad,HARYANA,6,2011_c,Orange Zone,,,Shajapur
86,Gurugram,HARYANA,6,2011_c,Orange Zone,,,Sagar
80,Hisar,HARYANA,6,2011_c,Orange Zone,,,Chhindwara
83,Jhajjar,HARYANA,6,2011_c,Orange Zone,,,Gwalior
77,Jind,HARYANA,6,2011_c,Orange Zone,,,Sheopur
73,Kaithal,HARYANA,6,2011_c,Orange Zone,,,Alirajpur
74,Karnal,HARYANA,6,2011_c,Orange Zone,,,Shivpuri
72,Kurukshetra,HARYANA,6,2011_c,Orange Zone,,,Tikamgarh
84,Mahendragarh,HARYANA,6,2011_c,Green Zone,,,Betul
87,Nuh,HARYANA,6,2011_c,Orange Zone,,,Burhanpur
89,Palwal,HARYANA,6,2011_c,Orange Zone,,,Dindori
69,Panchkula,HARYANA,6,2011_c,Orange Zone,,,Mumbai
75,Panipat,HARYANA,6,2011_c,Orange Zone,,,Pune
85,Rewari,HARYANA,6,2011_c,Green Zone,,,Thane
82,Rohtak,HARYANA,6,2011_c,Orange Zone,,,Palghar
79,Sirsa,HARYANA,6,2011_c,Orange Zone,,,Nashik
76,Sonipat,HARYANA,6,2011_c,Red Zone,,,Mumbai Suburban
71,Yamunanagar,HARYANA,6,2011_c,Orange Zone,,,Nagpur
30,Bilaspur,HIMACHAL PRADESH,2,2011_c,Green Zone,,,Raigarh
23,Chamba,HIMACHAL PRADESH,2,2011_c,Oranse Zone,,,Aurangabad
28,Hamirpur,HIMACHAL PRADESH,2,2011_c,Orange Zone,,,Solapur
24,Kangra,HIMACHAL PRADESH,2,2011_c,Orange Zone,,,Ahmadnagar
34,Kinnaur,HIMACHAL PRADESH,2,2011_c,Green Zone,,,Sangli
26,Kullu,HIMACHAL PRADESH,2,2011_c,Green Zone,,,Akola
25,Lahul & Spiti,HIMACHAL PRADESH,2,2011_c,Green Zone,,,Yavatmal
27,Mandi,HIMACHAL PRADESH,2,2011_c,Green Zone,,,Dhule
33,Shimla,HIMACHAL PRADESH,2,2011_c,Green Zone,,,Buldana
32,Sirmaur,HIMACHAL PRADESH,2,2011_c,Orange Zone,,,Satara
31,Solan,HIMACHAL PRADESH,2,2011_c,Oranse Zone,,,Amravati
29,Una,HIMACHAL PRADESH,2,2011_c,Orange Zone,,,Kolhapur
14,Anantnag,JAMMU & KASHMIR,1,2011_c,Red Zone,,,Latur
2,Badgam,JAMMU & KASHMIR,1,2011_c,Orange Zone,,,Jalgaon
9,Bandipore,JAMMU & KASHMIR,1,2011_c,Red Zone,,,Ratnagiri
8,Baramula,JAMMU & KASHMIR,1,2011_c,Orange Zone,,,Hingoli
16,Doda,JAMMU & KASHMIR,1,2011_c,Green Zone,,,Nandurbar
11,Ganderbal,JAMMU & KASHMIR,1,2011_c,Orange Zone,,,Osmanabad
21,Jammu,JAMMU & KASHMIR,1,2011_c,Orange Zone,,,Chandrapur
7,Kathua,JAMMU & KASHMIR,1,2011_c,Orange Zone,,,Jalna
18,Kishtwar,JAMMU & KASHMIR,1,2011_c,Green Zone,,,Bid
15,Kulgam,JAMMU & KASHMIR,1,2011_c,Orange Zone,,,Gondiya
1,Kupwara,JAMMU & KASHMIR,1,2011_c,Orange Zone,,,Nanded
991,Mirpur,JAMMU & KASHMIR,1,2011_c,Green Zone,,,Parbhani
992,Muzaffarabad,JAMMU & KASHMIR,1,2011_c,Green Zone,,,Sindhudurg
12,Pulwama,JAMMU & KASHMIR,1,2011_c,Green Zone,,,Washim
5,Punch,JAMMU & KASHMIR,1,2011_c,Green Zone,,,Imphal West
6,Rajouri,JAMMU & KASHMIR,1,2011_c,Orange Zone,,,East Khasi Hills
17,Ramban,JAMMU & KASHMIR,1,2011_c,Oranse Zone,,,Aizawl
20,Reasi,JAMMU & KASHMIR,1,2011_c,Orange Zone,,,Dimapur
22,Samba,JAMMU & KASHMIR,1,2011_c,Orange Zone,,,Khordha
13,Shupiyan,JAMMU & KASHMIR,1,2011_c,Red Zone,,,Bhadrak
10,Srinagar,JAMMU & KASHMIR,1,2011_c,Red Zone,,,Jajapur
19,Udhampur,JAMMU & KASHMIR,1,2011_c,Orange Zone,,,Baleshwar
355,Bokaro,JHARKHAND,20,2011_c,Orange Zone,,,Sundargarh
347,Chatra,JHARKHAND,20,2011_c,Green Zone,,,Kalahandi
350,Deoghar,JHARKHAND,20,2011_c,Orange Zone,,,Kendrapara
354,Dhanbad,JHARKHAND,20,2011_c,Orange Zone,,,Cuttack
362,Dumka,JHARKHAND,20,2011_c,Green Zone,,,Dhenkanal
346,Garhwa,JHARKHAND,20,2011_c,Green Zone,,,Puri
349,Giridih,JHARKHAND,20,2011_c,Orange Zone,,,Puducherry
351,Godda,JHARKHAND,20,2011_c,Orange Zone,,,Mahe
366,Gumla,JHARKHAND,20,2011_c,Green Zone,,,Jalandhar
360,Hazaribagh,JHARKHAND,20,2011_c,Green Zone,,,S.A.S. Nagar
363,Jamtara,JHARKHAND,20,2011_c,Orange Zone,,,Patiala
365,Khunti,JHARKHAND,20,2011_c,Orange Zone,,,Pathankot
348,Kodarma,JHARKHAND,20,2011_c,Green Zone,,,Shahid Bhagat Singh Nagar
359,Latehar,JHARKHAND,20,2011_c,Orange Zone,,,Ludhiana
356,Lohardaga,JHARKHAND,20,2011_c,Green Zone,,,Amritsar
353,Pakur,JHARKHAND,20,2011_c,Green Zone,,,Mansa
358,Palamu,JHARKHAND,20,2011_c,Green Zone,,,Hoshiarpur
368,Pashchimi Singhbhum,JHARKHAND,20,2011_c,Green Zone,,,Moga
357,Purbi Singhbhum,JHARKHAND,20,2011_c,Green Zone,,,Faridkot
361,Ramgarh,JHARKHAND,20,2011_c,Red Zone,,,Kapurthala
364,Ranchi,JHARKHAND,20,2011_c,Green Zone,,,Rupnagar
352,Sahibganj,JHARKHAND,20,2011_c,Green Zone,,,Sangrur
369,Saraikela-kharsawan,JHARKHAND,20,2011_c,Orange Zone,,,Barnala
367,Simdega,JHARKHAND,20,2011_c,Green Zone,,,Fatehgarh Sahib
556,Bagalkote,KARNATAKA,29,2011_c,Orange Zone,,,Firozpur
565,Ballari,KARNATAKA,29,2011_c,Orange Zone,,,Gurdaspur
555,Belagavi,KARNATAKA,29,2011_c,Orange Zone,,,Sri Muktsar Sahib
572,Bengaluru,KARNATAKA,29,2011_c,Red Zone,,,Jaipur
583,Bengaluru Rural,KARNATAKA,29,2011_c,Red Zone,,,Jodhpur
558,Bidar,KARNATAKA,29,2011_c,Orange Zone,,,Kota
578,Chamarajanagara,KARNATAKA,29,2011_c,Green Zone,,,Tonk
582,Chikkaballapura,KARNATAKA,29,2011_c,Orange Zone,,,Bharatpur
570,Chikkamagaluru,KARNATAKA,29,2011_c,Green Zone,,,Ajmer
566,Chitradurga,KARNATAKA,29,2011_c,Green Zone,,,Nagaur
575,Dakshina Kannada,KARNATAKA,29,2011_c,Orange Zone,,,Jaisalmer
567,Davanagere,KARNATAKA,29,2011_c,Green Zone,,,Banswara
562,Dharwad,KARNATAKA,29,2011_c,Orange Zone,,,Jhunjhunu
561,Gadag,KARNATAKA,29,2011_c,Orange Zone,,,Bikaner
574,Hassan,KARNATAKA,29,2011_c,Green Zone,,,Bhilwara
564,Haveri,KARNATAKA,29,2011_c,Green Zone,,,Jhalawar
579,Kalaburagi,KARNATAKA,29,2011_c,Orange Zone,,,Dausa
576,Kodagu,KARNATAKA,29,2011_c,Green Zone,,,Churu
581,Kolar,KARNATAKA,29,2011_c,Green Zone,,,Hanumangarh
560,Koppal,KARNATAKA,29,2011_c,Green Zone,,,Sawai Madhopur
573,Mandya,KARNATAKA,29,2011_c,Orange Zone,,,Alwar
577,Mysuru,KARNATAKA,29,2011_c,Red Zone,,,Dungarpur
559,Raichur,KARNATAKA,29,2011_c,Green Zone,,,Sikar
584,Ramanagara,KARNATAKA,29,2011_c,Green Zone,,,Udaipur
568,Shivamogga,KARNATAKA,29,2011_c,Green Zone,,,Karauli
571,Tumakuru,KARNATAKA,29,2011_c,Orange Zone,,,Pali
569,Udupi,KARNATAKA,29,2011_c,Green Zone,,,Barmer
563,Uttara Kannada,KARNATAKA,29,2011_c,Orange Zone,,,Pratapgarh
557,Vijayapura,KARNATAKA,29,2011_c,Orange Zone,,,Dhaulpur
580,Yadgir,KARNATAKA,29,2011_c,Green Zone,,,Chennai
598,Alappuzha,KERALA,32,2011_c,Oranee Zone,,,Coimbatore
595,Ernakulam,KERALA,32,2011_c,Green Zone,,,Tiruppur
596,Idukki,KERALA,32,2011_c,Red Zone,,,Tirunelveli
589,Kannur,KERALA,32,2011_c,Orange Zone,,,Dindigul
588,Kasaragod,KERALA,32,2011_c,Orange Zone,,,Vellore
600,Kollam,KERALA,32,2011_c,Red Zone,,,Erode
597,Kottayam,KERALA,32,2011_c,Orange Zone,,,Kancheepuram
591,Kozhikode,KERALA,32,2011_c,Orange Zone,,,Madurai
592,Malappuram,KERALA,32,2011_c,Orange Zone,,,Namakkal
593,Palakkad,KERALA,32,2011_c,Orange Zone,,,Thanjavur
599,Pathanamthitta,KERALA,32,2011_c,Orange Zone,,,Thiruvallur
601,Thiruvananthapuram,KERALA,32,2011_c,Orange Zone,,,Tiruchirappalli
594,Thrissur,KERALA,32,2011_c,Orange Zone,,,Viluppuram
590,Wayanad,KERALA,32,2011_c,Green Zone,,,Nagapattinam
4,Kargil,LADAKH,38,2011_c,Orange Zone,,,Theni
3,Leh,LADAKH,38,2011_c,Orange Zone,,,Karur
587,Lakshadweep,LAKSHADWEEP,31,2011_c,Green Zone,,,Salem
724,Agar Malwa,MADHYA PRADESH,23,update2014,Orange Zone,,,Thiruvarur
465,Alirajpur,MADHYA PRADESH,23,2011_c,Orange Zone,,,Thoothukkudi
461,Anuppur,MADHYA PRADESH,23,2011_c,Green Zone,,,Cuddalore
459,Ashoknagar,MADHYA PRADESH,23,2011_c,Green Zone,,,Virudhunagar
457,Balaghat,MADHYA PRADESH,23,2011_c,Green Zone,,,Kanniyakumari
441,Barwani,MADHYA PRADESH,23,2011_c,Red Zone,,,Ramanathapuram
447,Betul,MADHYA PRADESH,23,2011_c,Orange Zone,,,Tiruvannamalai
420,Bhind,MADHYA PRADESH,23,2011_c,Green Zone,,,Sivaganga
444,Bhopal,MADHYA PRADESH,23,2011_c,Red Zone,,,The Nilgiris
467,Burhanpur,MADHYA PRADESH,23,2011_c,Orange Zone,,,Ariyalur
425,Chhatarpur,MADHYA PRADESH,23,2011_c,Green Zone,,,Perambalur
455,Chhindwara,MADHYA PRADESH,23,2011_c,Orange Zone,,,Dharmapuri
428,Damoh,MADHYA PRADESH,23,2011_c,Green Zone,,,Pudukkottai
422,Datia,MADHYA PRADESH,23,2011_c,Green Zone,,,Hyderabad
437,Dewas,MADHYA PRADESH,23,2011_c,Red Zone,,,Suryapet
438,Dhar,MADHYA PRADESH,23,2011_c,Red Zone,,,Nizamabad
453,Dindori,MADHYA PRADESH,23,2011_c,Orange Zone,,,Jogulamba Gadwal
466,East Nimar,MADHYA PRADESH,23,2011_c,Red Zone,,,Vikarabad
458,Guna,MADHYA PRADESH,23,2011_c,Green Zone,,,Ranga Reddy
421,Gwalior,MADHYA PRADESH,23,2011_c,Red Zone,,,Warangal Urban
448,Harda,MADHYA PRADESH,23,2011_c,Orange Zone,,,Medchal Malkajgiri
449,Hoshangabad,MADHYA PRADESH,23,2011_c,Orange Zone,,,Karimnagar
439,Indore,MADHYA PRADESH,23,2011_c,Green Zone,,,Adilabad
451,Jabalpur,MADHYA PRADESH,23,2011_c,Red Zone,,,Nirmal
464,Jhabua,MADHYA PRADESH,23,2011_c,Green Zone,,,Nalgonda
450,Katni,MADHYA PRADESH,23,2011_c,Orange Zone,,,Kamareddy
454,Mandla,MADHYA PRADESH,23,2011_c,Red Zone,,,Mahabubnagar
433,Mandsaur,MADHYA PRADESH,23,2011_c,Green Zone,,,Khammam
419,Morena,MADHYA PRADESH,23,2011_c,Orange Zone,,,Sangareddy
452,Narsimhapur,MADHYA PRADESH,23,2011_c,Oranse Zone,,,Medak
432,Neemuch,MADHYA PRADESH,23,2011_c,Green Zone,,,Bhadradri Kothagudem
782,Niwari,MADHYA PRADESH,23,2018,Green Zone,,,Kumuram Bheem Asifabad
426,Panna,MADHYA PRADESH,23,2011_c,Green Zone,,,Jagitial
446,Raisen,MADHYA PRADESH,23,2011_c,Green Zone,,,Jangoan
442,Rajgarh,MADHYA PRADESH,23,2011_c,Orange Zone,,,Jayashankar
434,Ratlam,MADHYA PRADESH,23,2011_c,Green Zone,,,Mulugu
430,Rewa,MADHYA PRADESH,23,2011_c,Orange Zone,,,Nagarkurnool
427,Sagar,MADHYA PRADESH,23,2011_c,Green Zone,,,Peddapalli
429,Satna,MADHYA PRADESH,23,2011_c,Orange Zone,,,Rajanna Sircilla
445,Sehore,MADHYA PRADESH,23,2011_c,Green Zone,,,Mahabubabad
456,Seoni,MADHYA PRADESH,23,2011_c,Green Zone,,,Siddipet
460,Shahdol,MADHYA PRADESH,23,2011_c,Green Zone,,,Gomati
436,Shajapur,MADHYA PRADESH,23,2011_c,Orange Zone,,,North Tripura
418,Sheopur,MADHYA PRADESH,23,2011_c,Orange Zone,,,Agra
423,Shivpuri,MADHYA PRADESH,23,2011_c,Oranee Zone,,,Lucknow
462,Sidhi,MADHYA PRADESH,23,2011_c,Green Zone,,,Kanpur Nagar
463,Singrauli,MADHYA PRADESH,23,2011_c,Green Zone,,,Saharanpur
424,Tikamgarh,MADHYA PRADESH,23,2011_c,Green Zone,,,Gautam Buddha Nagar
435,Ujjain,MADHYA PRADESH,23,2011_c,Orange Zone,,,Moradabad
431,Umaria,MADHYA PRADESH,23,2011_c,Red Zone,,,Meerut
443,Vidisha,MADHYA PRADESH,23,2011_c,Green Zone,,,Firozabad
440,West Nimar,MADHYA PRADESH,23,2011_c,Orange Zone,,,Ghaziabad
522,Ahmadnagar,MAHARASHTRA,27,2011_c,Orange Zone,,,Rae Bareli
501,Akola,MAHARASHTRA,27,2011_c,Red Zone,,,Bijnor
503,Amravati,MAHARASHTRA,27,2011_c,Orange Zone,,,Bulandshahr
515,Aurangabad,MAHARASHTRA,27,2011_c,Red Zone,,,Shamli
506,Bhandara,MAHARASHTRA,27,2011_c,Orange Zone,,,Varanasi
523,Bid,MAHARASHTRA,27,2011_c,Orange Zone,,,Amroha
500,Buldana,MAHARASHTRA,27,2011_c,Orange Zone,,,Basti
509,Chandrapur,MAHARASHTRA,27,2011_c,Orange Zone,,,Hapur
498,Dhule,MAHARASHTRA,27,2011_c,Red Zone,,,Sitapur
508,Gadchiroli,MAHARASHTRA,27,2011_c,Green Zone,,,Rampur
507,Gondiya,MAHARASHTRA,27,2011_c,Green Zone,,,Baghpat
512,Hingoli,MAHARASHTRA,27,2011_c,Orange Zone,,,Budaun
499,Jalgaon,MAHARASHTRA,27,2011_c,Red Zone,,,Muzaffarnagar
514,Jalna,MAHARASHTRA,27,2011_c,Orange Zone,,,Auraiya
530,Kolhapur,MAHARASHTRA,27,2011_c,Orange Zone,,,Aligarh
524,Latur,MAHARASHTRA,27,2011_c,Orange Zone,,,Azamgarh
519,Mumbai,MAHARASHTRA,27,2011_c,Red Zone,,,Bahraich
518,Mumbai Suburban,MAHARASHTRA,27,2011_c,Red Zone,,,Mathura
505,Nagpur,MAHARASHTRA,27,2011_c,Red Zone,,,Sambhal
511,Nanded,MAHARASHTRA,27,2011_c,Orange Zone,,,Kannauj
497,Nandurbar,MAHARASHTRA,27,2011_c,Orange Zone,,,Bareilly
516,Nashik,MAHARASHTRA,27,2011_c,Red Zone,,,Ghazipur
525,Osmanabad,MAHARASHTRA,27,2011_c,Green Zone,,,Mahrajganj
732,Palghar,MAHARASHTRA,27,update2014,Red Zone,,,Pratapgarh
513,Parbhani,MAHARASHTRA,27,2011_c,Orange Zone,,,Jaunpur
521,Pune,MAHARASHTRA,27,2011_c,Red Zone,,,Hathras
520,Raigarh,MAHARASHTRA,27,2011_c,Orange Zone,,,Kheri
528,Ratnagiri,MAHARASHTRA,27,2011_c,Orange Zone,,,Mainpuri
531,Sangli,MAHARASHTRA,27,2011_c,Orange Zone,,,Banda
527,Satara,MAHARASHTRA,27,2011_c,Red Zone,,,Etah
529,Sindhudurg,MAHARASHTRA,27,2011_c,Green Zone,,,Kasganj
526,Solapur,MAHARASHTRA,27,2011_c,Red Zone,,,Mirzapur
517,Thane,MAHARASHTRA,27,2011_c,Red Zone,,,Shrawasti
504,Wardha,MAHARASHTRA,27,2011_c,Green Zone,,,Etawah
502,Washim,MAHARASHTRA,27,2011_c,Green Zone,,,Hardoi
510,Yavatmal,MAHARASHTRA,27,2011_c,Red Zone,,,Kaushambi
275,Bishnupur,MANIPUR,14,2011_c,Green Zone,,,Pilibhit
280,Chandel,MANIPUR,14,2011_c,Green Zone,,,Sant Kabir Nagar
274,Churachandpur,MANIPUR,14,2011_c,Green Zone,,,Sultanpur
278,Imphal East,MANIPUR,14,2011_c,Green Zone,,,Ayodhya
277,Imphal West,MANIPUR,14,2011_c,Green Zone,,,Balrampur
766,Jiribam,MANIPUR,14,2016_c,Green Zone,,,Bara Banki
768,Kakching,MANIPUR,14,2016_c,Green Zone,,,Bhadohi
770,Kamjong,MANIPUR,14,2016_c,Green Zone,,,Gonda
767,Kangpokpi,MANIPUR,14,2016_c,Green Zone,,,Gorakhpur
771,Noney,MANIPUR,14,2016_c,Green Zone,,,Mau
772,Pherzawl,MANIPUR,14,2016_c,Green Zone,,,Prayagraj
272,Senapati,MANIPUR,14,2011_c,Green Zone,,,Shahjahanpur
273,Tamenglong,MANIPUR,14,2011_c,Green Zone,,,Unnao
769,Tengnoupal,MANIPUR,14,2016_c,Green Zone,,,Dehradun
276,Thoubal,MANIPUR,14,2011_c,Green Zone,,,Nainital
279,Ukhrul,MANIPUR,14,2011_c,Green Zone,,,Hardwar
294,East Garo Hills,MEGHALAYA,17,2011_c,Green Zone,,,Udham Singh Nagar
714,East Jaintia Hills,MEGHALAYA,17,update2014,Green Zone,,,Almora
298,East Khasi Hills,MEGHALAYA,17,2011_c,Orange Zone,,,Garhwal
712,North Garo Hills,MEGHALAYA,17,update2014,Green Zone,,,Kolkata
297,Ribhoi,MEGHALAYA,17,2011_c,Green Zone,,,Howrah
295,South Garo Hills,MEGHALAYA,17,2011_c,Green Zone,,,North 24 Parganas
711,South West Garo Hills,MEGHALAYA,17,update2014,Green Zone,,,Medinipur West
713,South West Khasi Hills,MEGHALAYA,17,update2014,Green Zone,,,Hooghly
293,West Garo Hills,MEGHALAYA,17,2011_c,Green Zone,,,Kalimpong
299,West Jaintia Hills,MEGHALAYA,17,2011_c,Green Zone,,,South 24 Parganas
296,West Khasi Hills,MEGHALAYA,17,2011_c,Green Zone,,,Nadia
283,Aizawl,MIZORAM,15,2011_c,Green Zone,,,Jalpaiguri
284,Champhai,MIZORAM,15,2011_c,Green Zone,,,Purba Medinipur
282,Kolasib,MIZORAM,15,2011_c,Green Zone,,,Darjeeling
287,Lawngtlai,MIZORAM,15,2011_c,Green Zone,,,Paschim Bardhaman
286,Lunglei,MIZORAM,15,2011_c,Green Zone,,,Murshidabad
281,Mamit,MIZORAM,15,2011_c,Green Zone,,,
288,Saiha,MIZORAM,15,2011_c,Green Zone,,,
285,Serchhip,MIZORAM,15,2011_c,Green Zone,,,
265,Dimapur,NAGALAND,13,2011_c,Green Zone,,,
269,Kiphire,NAGALAND,13,2011_c,Green Zone,,,
270,Kohima,NAGALAND,13,2011_c,Green Zone,,,
268,Longleng,NAGALAND,13,2011_c,Green Zone,,,
262,Mokokchung,NAGALAND,13,2011_c,Green Zone,,,
261,Mon,NAGALAND,13,2011_c,Green Zone,,,
271,Peren,NAGALAND,13,2011_c,Green Zone,,,
266,Phek,NAGALAND,13,2011_c,Green Zone,,,
267,Tuensang,NAGALAND,13,2011_c,Green Zone,,,
264,Wokha,NAGALAND,13,2011_c,Green Zone,,,
263,Zunheboto,NAGALAND,13,2011_c,Green Zone,,,
384,Anugul,ODISHA,21,2011_c,Green Zone,,,
393,Balangir,ODISHA,21,2011_c,Green Zone,,,
377,Baleshwar,ODISHA,21,2011_c,Red Zone,,,
370,Bargarh,ODISHA,21,2011_c,Green Zone,,,
391,Baudh,ODISHA,21,2011_c,Red Zone,,,
378,Bhadrak,ODISHA,21,2011_c,Green Zone,,,
381,Cuttack,ODISHA,21,2011_c,Green Zone,,,
373,Debagarh,ODISHA,21,2011_c,Green Zone,,,
383,Dhenkanal,ODISHA,21,2011_c,Orange Zone,,,
389,Gajapati,ODISHA,21,2011_c,Green Zone,,,
388,Ganjam,ODISHA,21,2011_c,Green Zone,,,
380,Jagatsinghapur,ODISHA,21,2011_c,Green Zone,,,
382,Jajapur,ODISHA,21,2011_c,Red Zone,,,
371,Jharsuguda,ODISHA,21,2011_c,Green Zone,,,
395,Kalahandi,ODISHA,21,2011_c,Orange Zone,,,
390,Kandhamal,ODISHA,21,2011_c,Green Zone,,,
379,Kendrapara,ODISHA,21,2011_c,Orange Zone,,,
375,Kendujhar,ODISHA,21,2011_c,Green Zone,,,
386,Khordha,ODISHA,21,2011_c,Orange Zone,,,
398,Koraput,ODISHA,21,2011_c,Orange Zone,,,
399,Malkangiri,ODISHA,21,2011_c,Green Zone,,,
376,Mayurbhanj,ODISHA,21,2011_c,Green Zone,,,
397,Nabarangapur,ODISHA,21,2011_c,Green Zone,,,
385,Nayagarh,ODISHA,21,2011_c,Green Zone,,,
394,Nuapada,ODISHA,21,2011_c,Green Zone,,,
387,Puri,ODISHA,21,2011_c,Green Zone,,,
396,Rayagada,ODISHA,21,2011_c,Green Zone,,,
372,Sambalpur,ODISHA,21,2011_c,Green Zone,,,
392,Subarnapur,ODISHA,21,2011_c,Green Zone,,,
374,Sundargarh,ODISHA,21,2011_c,Orange Zone,,,
637,Karaikal,PUDUCHERRY,34,2011_c,Green Zone,,,
636,Mahe,PUDUCHERRY,34,2011_c,Green Zone,,,
635,Puducherry,PUDUCHERRY,34,2011_c,Orange Zone,,,
634,Yanam,PUDUCHERRY,34,2011_c,Green Zone,,,
49,Amritsar,PUNJAB,3,2011_c,Orange Zone,,,
54,Barnala,PUNJAB,3,2011_c,Orange Zone,,,
46,Bathinda,PUNJAB,3,2011_c,Green Zone,,,
45,Faridkot,PUNJAB,3,2011_c,Orange Zone,,,
40,Fatehgarh Sahib,PUNJAB,3,2011_c,Green Zone,,,
701,Fazilka,PUNJAB,3,update2014,Green Zone,,,
43,Firozpur,PUNJAB,3,2011_c,Orange Zone,,,
35,Gurdaspur,PUNJAB,3,2011_c,Orange Zone,,,
38,Hoshiarpur,PUNJAB,3,2011_c,Orange Zone,,,
37,Jalandhar,PUNJAB,3,2011_c,Red Zone,,,
36,Kapurthala,PUNJAB,3,2011_c,Orange Zone,,,
41,Ludhiana,PUNJAB,3,2011_c,Red Zone,,,
47,Mansa,PUNJAB,3,2011_c,Orange Zone,,,
42,Moga,PUNJAB,3,2011_c,Orange Zone,,,
773,Pathankot,PUNJAB,3,2011_c,Oranee Zone,,,
48,Patiala,PUNJAB,3,2011_c,Red Zone,,,
51,Rupnagar,PUNJAB,3,2011_c,Green Zone,,,
52,S.A.S. Nagar,PUNJAB,3,2011_c,Orange Zone,,,
53,Sangrur,PUNJAB,3,2011_c,Orange Zone,,,
39,Shahid Bhagat Singh Nagar,PUNJAB,3,2011_c,Orange Zone,,,
44,Sri Muktsar Sahib,PUNJAB,3,2011_c,Orange Zone,,,
50,Tarn Taran,PUNJAB,3,2011_c,Orange Zone,,,
119,Ajmer,RAJASTHAN,8,2011_c,Red Zone,,,
104,Alwar,RAJASTHAN,8,2011_c,Orange Zone,,,
125,Banswara,RAJASTHAN,8,2011_c,Red Zone,,,
128,Baran,RAJASTHAN,8,2011_c,Green Zone,,,
115,Barmer,RAJASTHAN,8,2011_c,Orange Zone,,,
105,Bharatpur,RAJASTHAN,8,2011_c,Red Zone,,,
122,Bhilwara,RAJASTHAN,8,2011_c,Orange Zone,,,
101,Bikaner,RAJASTHAN,8,2011_c,Orange Zone,,,
121,Bundi,RAJASTHAN,8,2011_c,Green Zone,,,
126,Chittaurgarh,RAJASTHAN,8,2011_c,Orange Zone,,,
102,Churu,RAJASTHAN,8,2011_c,Orange Zone,,,
109,Dausa,RAJASTHAN,8,2011_c,Oranse Zone,,,
106,Dhaulpur,RAJASTHAN,8,2011_c,Orange Zone,,,
124,Dungarpur,RAJASTHAN,8,2011_c,Orange Zone,,,
99,Ganganagar,RAJASTHAN,8,2011_c,Green Zone,,,
100,Hanumangarh,RAJASTHAN,8,2011_c,Orange Zone,,,
110,Jaipur,RAJASTHAN,8,2011_c,Red Zone,,,
114,Jaisalmer,RAJASTHAN,8,2011_c,Orange Zone,,,
116,Jalor,RAJASTHAN,8,2011_c,Green Zone,,,
129,Jhalawar,RAJASTHAN,8,2011_c,Red Zone,,,
103,Jhunjhunu,RAJASTHAN,8,2011_c,Orange Zone,,,
113,Jodhpur,RAJASTHAN,8,2011_c,Red Zone,,,
107,Karauli,RAJASTHAN,8,2011_c,Oranse Zone,,,
127,Kota,RAJASTHAN,8,2011_c,Red Zone,,,
112,Nagaur,RAJASTHAN,8,2011_c,Red Zone,,,
118,Pali,RAJASTHAN,8,2011_c,Orange Zone,,,
131,Pratapgarh,RAJASTHAN,8,2011_c,Green Zone,,,
123,Rajsamand,RAJASTHAN,8,2011_c,Orange Zone,,,
108,Sawai Madhopur,RAJASTHAN,8,2011_c,Orange Zone,,,
111,Sikar,RAJASTHAN,8,2011_c,Orange Zone,,,
117,Sirohi,RAJASTHAN,8,2011_c,Green Zone,,,
120,Tonk,RAJASTHAN,8,2011_c,Orange Zone,,,
130,Udaipur,RAJASTHAN,8,2011_c,Oranse Zone,,,
244,East District,SIKKIM,11,2011_c,Green Zone,,,
241,North  District,SIKKIM,11,2011_c,Green Zone,,,
243,South District,SIKKIM,11,2011_c,Green Zone,,,
242,West District,SIKKIM,11,2011_c,Green Zone,,,
616,Ariyalur,TAMIL NADU,33,2011_c,Orange Zone,,,
603,Chennai,TAMIL NADU,33,2011_c,Red Zone,,,
632,Coimbatore,TAMIL NADU,33,2011_c,Oranqe Zone,,,
617,Cuddalore,TAMIL NADU,33,2011_c,Orange Zone,,,
630,Dharmapuri,TAMIL NADU,33,2011_c,Orange Zone,,,
612,Dindigul,TAMIL NADU,33,2011_c,Orange Zone,,,
610,Erode,TAMIL NADU,33,2011_c,Orange Zone,,,
604,Kancheepuram,TAMIL NADU,33,2011_c,Red Zone,,,
629,Kanniyakumari,TAMIL NADU,33,2011_c,Orange Zone,,,
613,Karur,TAMIL NADU,33,2011_c,Orange Zone,,,
631,Krishnagiri,TAMIL NADU,33,2011_c,Green Zone,,,
623,Madurai,TAMIL NADU,33,2011_c,Red Zone,,,
618,Nagapattinam,TAMIL NADU,33,2011_c,Orange Zone,,,
609,Namakkal,TAMIL NADU,33,2011_c,Red Zone,,,
615,Perambalur,TAMIL NADU,33,2011_c,Orange Zone,,,
621,Pudukkottai,TAMIL NADU,33,2011_c,Orange Zone,,,
626,Ramanathapuram,TAMIL NADU,33,2011_c,Orange Zone,,,
608,Salem,TAMIL NADU,33,2011_c,Orange Zone,,,
622,Sivaganga,TAMIL NADU,33,2011_c,Orange Zone,,,
620,Thanjavur,TAMIL NADU,33,2011_c,Red Zone,,,
611,The Nilgiris,TAMIL NADU,33,2011_c,Orange Zone,,,
624,Theni,TAMIL NADU,33,2011_c,Orange Zone,,,
602,Thiruvallur,TAMIL NADU,33,2011_c,Red Zone,,,
619,Thiruvarur,TAMIL NADU,33,2011_c,Red Zone,,,
627,Thoothukkudi,TAMIL NADU,33,2011_c,Orange Zone,,,
614,Tiruchirappalli,TAMIL NADU,33,2011_c,Orange Zone,,,
628,Tirunelveli,TAMIL NADU,33,2011_c,Orange Zone,,,
633,Tiruppur,TAMIL NADU,33,2011_c,Red Zone,,,
606,Tiruvannamalai,TAMIL NADU,33,2011_c,Orange Zone,,,
605,Vellore,TAMIL NADU,33,2011_c,Red Zone,,,
607,Viluppuram,TAMIL NADU,33,2011_c,Orange Zone,,,
625,Virudhunagar,TAMIL NADU,33,2011_c,Red Zone,,,
532,Adilabad,TELANGANA,36,2016_c,Orange Zone,,,
753,Bhadradri Kothagudem,TELANGANA,36,2016_c,Green Zone,,,
536,Hyderabad,TELANGANA,36,2016_c,Red Zone,,,
737,Jagitial,TELANGANA,36,2016_c,Orange Zone,,,
752,Jangoan,TELANGANA,36,2016_c,Orange Zone,,,
750,Jayashankar,TELANGANA,36,2016_c,Oranse Zone,,,
744,Jogulamba Gadwal,TELANGANA,36,2016_c,Orange Zone,,,
736,Kamareddy,TELANGANA,36,2016_c,Orange Zone,,,
534,Karimnagar,TELANGANA,36,2016_c,Orange Zone,,,
541,Khammam,TELANGANA,36,2016_c,Orange Zone,,,
733,Kumuram Bheem Asifabad,TELANGANA,36,2016_c,Orange Zone,,,
751,Mahabubabad,TELANGANA,36,2016_c,Green Zone,,,
538,Mahabubnagar,TELANGANA,36,2016_c,Orange Zone,,,
735,Mancherial,TELANGANA,36,2016_c,Orange Zone,,,
535,Medak,TELANGANA,36,2016_c,Orange Zone,,,
742,Medchal Malkajgiri,TELANGANA,36,2016_c,Red Zone,,,
780,Mulugu,TELANGANA,36,2019,Green Zone,,,
746,Nagarkurnool,TELANGANA,36,2016_c,Green Zone,,,
539,Nalgonda,TELANGANA,36,2016_c,Orange Zone,,,
781,Narayanpet,TELANGANA,36,2019,Orange Zone,,,
734,Nirmal,TELANGANA,36,2016_c,Orange Zone,,,
533,Nizamabad,TELANGANA,36,2016_c,Orange Zone,,,
738,Peddapalli,TELANGANA,36,2016_c,Green Zone,,,
739,Rajanna Sircilla,TELANGANA,36,2016_c,Orange Zone,,,
537,Ranga Reddy,TELANGANA,36,2016_c,Red Zone,,,
740,Sangareddy,TELANGANA,36,2016_c,Orange Zone,,,
741,Siddipet,TELANGANA,36,2016_c,Green Zone,,,
748,Suryapet,TELANGANA,36,2016_c,Red Zone,,,
743,Vikarabad,TELANGANA,36,2016_c,Red Zone,,,
745,Wanaparthy,TELANGANA,36,2016_c,Green Zone,,,
749,Warangal Rural,TELANGANA,36,2016_c,Green Zone,,,
540,Warangal Urban,TELANGANA,36,2016_c,Red Zone,,,
747,Yadadri Bhuvanagiri,TELANGANA,36,2016_c,Green Zone,,,
291,Dhalai,TRIPURA,16,2011_c,Green Zone,,,
709,Gomati,TRIPURA,16,update2014,Orange Zone,,,
708,Khowai,TRIPURA,16,update2014,Green Zone,,,
292,North Tripura,TRIPURA,16,2011_c,Orange Zone,,,
707,Sipahijala,TRIPURA,16,update2014,Green Zone,,,
290,South Tripura,TRIPURA,16,2011_c,Green Zone,,,
710,Unokoti,TRIPURA,16,update2014,Green Zone,,,
289,West Tripura,TRIPURA,16,2011_c,Green Zone,,,
146,Agra,UTTAR PRADESH,9,2011_c,Red Zone,,,
143,Aligarh,UTTAR PRADESH,9,2011_c,Red Zone,,,
178,Ambedkar Nagar,UTTAR PRADESH,9,2011_c,Green Zone,,,
706,Amethi,UTTAR PRADESH,9,update2014,Green Zone,,,
137,Amroha,UTTAR PRADESH,9,2011_c,Red Zone,,,
162,Auraiya,UTTAR PRADESH,9,2011_c,Orange Zone,,,
191,Azamgarh,UTTAR PRADESH,9,2011_c,Orange Zone,,,
139,Baghpat,UTTAR PRADESH,9,2011_c,Oranee Zone,,,
180,Bahraich,UTTAR PRADESH,9,2011_c,Oranee Zone,,,
193,Ballia,UTTAR PRADESH,9,2011_c,Orange Zone,,,
182,Balrampur,UTTAR PRADESH,9,2011_c,Green Zone,,,
170,Banda,UTTAR PRADESH,9,2011_c,Oranee Zone,,,
176,Bara Banki,UTTAR PRADESH,9,2011_c,Oranse Zone,,,
150,Bareilly,UTTAR PRADESH,9,2011_c,Green Zone,,,
185,Basti,UTTAR PRADESH,9,2011_c,Red Zone,,,
198,Bhadohi,UTTAR PRADESH,9,2011_c,Orange Zone,,,
134,Bijnor,UTTAR PRADESH,9,2011_c,Orange Zone,,,
149,Budaun,UTTAR PRADESH,9,2011_c,Red Zone,,,
142,Bulandshahr,UTTAR PRADESH,9,2011_c,Orange Zone,,,
196,Chandauli,UTTAR PRADESH,9,2011_c,Red Zone,,,
171,Chitrakoot,UTTAR PRADESH,9,2011_c,Green Zone,,,
190,Deoria,UTTAR PRADESH,9,2011_c,Green Zone,,,
201,Etah,UTTAR PRADESH,9,2011_c,Green Zone,,,
161,Etawah,UTTAR PRADESH,9,2011_c,Orange Zone,,,
177,Faizabad,UTTAR PRADESH,9,2011_c,Orange Zone,,,
159,Farrukhabad,UTTAR PRADESH,9,2011_c,Green Zone,,,
172,Fatehpur,UTTAR PRADESH,9,2011_c,Green Zone,,,
147,Firozabad,UTTAR PRADESH,9,2011_c,Red Zone,,,
141,Gautam Buddha Nagar,UTTAR PRADESH,9,2011_c,Red Zone,,,
140,Ghaziabad,UTTAR PRADESH,9,2011_c,Orange Zone,,,
195,Ghazipur,UTTAR PRADESH,9,2011_c,Orange Zone,,,
183,Gonda,UTTAR PRADESH,9,2011_c,Orange Zone,,,
188,Gorakhpur,UTTAR PRADESH,9,2011_c,Orange Zone,,,
168,Hamirpur,UTTAR PRADESH,9,2011_c,Orange Zone,,,
705,Hapur,UTTAR PRADESH,9,update2014,Green Zone,,,
155,Hardoi,UTTAR PRADESH,9,2011_c,Orange Zone,,,
144,Hathras,UTTAR PRADESH,9,2011_c,Green Zone,,,
165,Jalaun,UTTAR PRADESH,9,2011_c,Orange Zone,,,
194,Jaunpur,UTTAR PRADESH,9,2011_c,Orange Zone,,,
166,Jhansi,UTTAR PRADESH,9,2011_c,Orange Zone,,,
160,Kannauj,UTTAR PRADESH,9,2011_c,Orange Zone,,,
163,Kanpur Dehat,UTTAR PRADESH,9,2011_c,Green Zone,,,
164,Kanpur Nagar,UTTAR PRADESH,9,2011_c,Red Zone,,,
202,Kasganj,UTTAR PRADESH,9,2011_c,Orange Zone,,,
174,Kaushambi,UTTAR PRADESH,9,2011_c,Orange Zone,,,
153,Kheri,UTTAR PRADESH,9,2011_c,Green Zone,,,
189,Kushinagar,UTTAR PRADESH,9,2011_c,Green Zone,,,
167,Lalitpur,UTTAR PRADESH,9,2011_c,Green Zone,,,
157,Lucknow,UTTAR PRADESH,9,2011_c,Red Zone,,,
169,Mahoba,UTTAR PRADESH,9,2011_c,Green Zone,,,
187,Mahrajganj,UTTAR PRADESH,9,2011_c,Green Zone,,,
148,Mainpuri,UTTAR PRADESH,9,2011_c,Orange Zone,,,
145,Mathura,UTTAR PRADESH,9,2011_c,Red Zone,,,
192,Mau,UTTAR PRADESH,9,2011_c,Orange Zone,,,
138,Meerut,UTTAR PRADESH,9,2011_c,Red Zone,,,
199,Mirzapur,UTTAR PRADESH,9,2011_c,Orange Zone,,,
135,Moradabad,UTTAR PRADESH,9,2011_c,Red Zone,,,
133,Muzaffarnagar,UTTAR PRADESH,9,2011_c,Red Zone,,,
151,Pilibhit,UTTAR PRADESH,9,2011_c,Orange Zone,,,
173,Pratapgarh,UTTAR PRADESH,9,2011_c,Orange Zone,,,
175,Prayagraj,UTTAR PRADESH,9,2011_c,Orange Zone,,,
158,Rae Bareli,UTTAR PRADESH,9,2011_c,Red Zone,,,
136,Rampur,UTTAR PRADESH,9,2011_c,Red Zone,,,
132,Saharanpur,UTTAR PRADESH,9,2011_c,Red Zone,,,
754,Sambhal,UTTAR PRADESH,9,2011_c,Orange Zone,,,
186,Sant Kabir Nagar,UTTAR PRADESH,9,2011_c,Red Zone,,,
152,Shahjahanpur,UTTAR PRADESH,9,2011_c,Green Zone,,,
704,Shamli,UTTAR PRADESH,9,update2014,Orange Zone,,,
181,Shrawasti,UTTAR PRADESH,9,2011_c,Orange Zone,,,
184,Siddharthnagar,UTTAR PRADESH,9,2011_c,Green Zone,,,
154,Sitapur,UTTAR PRADESH,9,2011_c,Orange Zone,,,
200,Sonbhadra,UTTAR PRADESH,9,2011_c,Green Zone,,,
179,Sultanpur,UTTAR PRADESH,9,2011_c,Orange Zone,,,
156,Unnao,UTTAR PRADESH,9,2011_c,Orange Zone,,,
197,Varanasi,UTTAR PRADESH,9,2011_c,Red Zone,,,
64,Almora,UTTARAKHAND,5,2011_c,Green Zone,,,
63,Bageshwar,UTTARAKHAND,5,2011_c,Green Zone,,,
57,Chamoli,UTTARAKHAND,5,2011_c,Green Zone,,,
65,Champawat,UTTARAKHAND,5,2011_c,Green Zone,,,
60,Dehradun,UTTARAKHAND,5,2011_c,Orange Zone,,,
61,Garhwal,UTTARAKHAND,5,2011_c,Red Zone,,,
68,Hardwar,UTTARAKHAND,5,2011_c,Orange Zone,,,
66,Nainital,UTTARAKHAND,5,2011_c,Green Zone,,,
62,Pithoragarh,UTTARAKHAND,5,2011_c,Green Zone,,,
58,Rudraprayag,UTTARAKHAND,5,2011_c,Green Zone,,,
59,Tehri Garhwal,UTTARAKHAND,5,2011_c,Green Zone,,,
67,Udham Singh Nagar,UTTARAKHAND,5,2011_c,Green Zone,,,
56,Uttarkashi,UTTARAKHAND,5,2011_c,Green Zone,,,
774,Alipurduar,WEST BENGAL,19,2014_c,Green Zone,,,
339,Bankura,WEST BENGAL,19,2011_c,Green Zone,,,
334,Birbhum,WEST BENGAL,19,2011_c,Green Zone,,,
329,Cooch Behar,WEST BENGAL,19,2011_c,Green Zone,,,
331,Dakshin Dinajpur,WEST BENGAL,19,2011_c,Green Zone,,,
327,Darjeeling,WEST BENGAL,19,2011_c,Red Zone,,,
338,Hooghly,WEST BENGAL,19,2011_c,Orange Zone,,,
341,Howrah,WEST BENGAL,19,2011_c,Red Zone,,,
328,Jalpaiguri,WEST BENGAL,19,2011_c,Red Zone,,,
776,Jhargram,WEST BENGAL,19,2017_c,Green Zone ,,,
775,Kalimpong,WEST BENGAL,19,2017_c,Red Zone,,,
342,Kolkata,WEST BENGAL,19,2011_c,Red Zone,,,
332,Maldah,WEST BENGAL,19,2011_c,Red Zone,,,
344,Medinipur West,WEST BENGAL,19,2011_c,Red Zone,,,
333,Murshidabad,WEST BENGAL,19,2011_c,Red Zone,,,
336,Nadia,WEST BENGAL,19,2011_c,Orange Zone,,,
337,North 24 Parganas,WEST BENGAL,19,2011_c,Orange Zone,,,
777,Paschim Bardhaman,WEST BENGAL,19,2017_c,Red Zone,,,
335,Purba Bardhaman,WEST BENGAL,19,2011_c,Orange Zone,,,
345,Purba Medinipur,WEST BENGAL,19,2011_c,Orange Zone,,,
340,Puruliya,WEST BENGAL,19,2011_c,Green Zone,,,
343,South 24 Parganas,WEST BENGAL,19,2011_c,Red Zone,,,
330,Uttar Dinajpur,WEST BENGAL,19,2011_c,Green Zone,,,
